{"cameraMode":{"drawMode":0,"name":"Shaded","section":"Shading Mode"},"sceneLighting":false,"audioPlay":false,"sceneViewState":{"m_AlwaysRefresh":false,"showFog":true,"showSkybox":false,"showFlares":true,"showImageEffects":true,"showParticleSystems":true,"showVisualEffectGraphs":true,"m_FxEnabled":true},"in2DMode":false,"pivot":{"x":0.06244540214538574,"y":3.9927098751068117,"z":-0.37328529357910159},"rotation":{"x":0.0067330580204725269,"y":0.9894849061965942,"z":0.049019571393728259,"w":-0.13590985536575318},"size":4.824745178222656,"orthographic":false}