{"cameraMode":{"drawMode":0,"name":"Shaded","section":"Shading Mode"},"sceneLighting":false,"audioPlay":false,"sceneViewState":{"m_AlwaysRefresh":false,"showFog":true,"showSkybox":false,"showFlares":true,"showImageEffects":true,"showParticleSystems":true,"showVisualEffectGraphs":true,"m_FxEnabled":true},"in2DMode":false,"pivot":{"x":-21.016164779663087,"y":13.283431053161621,"z":-47.649375915527347},"rotation":{"x":0.46316125988960268,"y":0.2694007158279419,"z":-0.15020637214183808,"w":0.8309032320976257},"size":14.340221405029297,"orthographic":false}